index,published,extreme,topic,domain,language,valid,title,description,url,image,archive,content,en,de,la
5f4819b5ad485dd1bb353db44426d5e8,2025-11-01T00:21:12Z,Tropical Cyclone,Hazard,www.bbc.com,en,1,Scavenging for food in streets - desperation takes hold in Jamaica after hurricane,People in Black River haven't seen any aid and told the BBC that they are fighting to survive.,https://www.bbc.com/news/articles/c0jdd186l0go?xtor=AL-72-%5Bpartner%5D-%5Byahoo.north.america%5D-%5Bheadline%5D-%5Bnews%5D-%5Bbizdev%5D-%5Bisapi%5D,https://s.yimg.com/ny/api/res/1.2/Mga07aRLjpbYJieY03LWrw--/YXBwaWQ9aGlnaGxhbmRlcjt3PTEyMDA7aD02NzU7Y2Y9d2VicA--/https://media.zenfs.com/en/bbc_us_articles_995/56e09ea92675ca7e335becda5dcc5b0e,,"People walk along muddied roads scavenging the wreckage for food. Others jump into damaged stores in the hope of finding bottled water or other supplies.
As the death toll rises, residents of Black … [+7180 chars]",Scavenging for food in streets - desperation takes hold in Jamaica after hurricane People in Black River haven't seen any aid and told the BBC that they are fighting to survive.,"Auf der Straße nach Nahrungsmitteln suchen – in Jamaika herrscht nach dem Hurrikan Verzweiflung. Die Menschen in Black River haben keine Hilfe gesehen und sagten der BBC, dass sie ums Überleben kämpfen.",
ca12010844e15333c86ce5df3be8d555,2025-11-01T02:37:50Z,Tropical Cyclone,Impacts,www.zeit.de,de,1,"Tödlicher Wirbelsturm: Nach Hurrikan ""Melissa"": Ärzte in Jamaika am Limit","Hier finden Sie Informationen zu dem Thema „Tödlicher Wirbelsturm“. Lesen Sie jetzt „Nach Hurrikan ""Melissa"": Ärzte in Jamaika am Limit“.",https://www.zeit.de/news/2025-11/01/nach-hurrikan-melissa-aerzte-in-jamaika-am-limit,https://img.zeit.de/news/2025-11/01/nach-hurrikan-melissa-aerzte-in-jamaika-am-limit-image-group/wide__1300x731,,"Weil der verheerende Hurrikan «Melissa» in Jamaika auch viele Krankenhäuser beschädigt hat, plant die Regierung des karibischen Inselstaats in fünf westlichen Bezirken die Errichtung von Feldlazarett… [+3275 chars]",Deadly cyclone: ​​After Hurricane “Melissa”: Doctors in Jamaica at the limit Here you can find information on the topic “Deadly cyclone”. Now read “After Hurricane “Melissa”: Doctors in Jamaica at the limit”.,"Tödlicher Wirbelsturm: Nach Hurrikan ""Melissa"": Ärzte in Jamaika am Limit Hier finden Sie Informationen zu dem Thema „Tödlicher Wirbelsturm“. Lesen Sie jetzt „Nach Hurrikan ""Melissa"": Ärzte in Jamaika am Limit“.",
d7b572140c10cc6f349077dfe9b24c5f,2025-11-01T05:11:00Z,Tropical Cyclone,Impacts,news.sky.com,en,1,"'We have no food, no water... it feels like the wilderness': The communities shredded and still stranded by Hurricane Melissa","The death toll in Jamaica after Hurricane Melissa could rise, with certain communities still marooned from the rest of the island, according to the police chief for the worst-affected area.",https://news.sky.com/story/we-have-no-food-no-water-it-feels-like-the-wilderness-the-communities-shredded-and-still-stranded-by-hurricane-melissa-13461594,https://e3.365dm.com/25/11/1600x900/skynews-jamaica-hurricane_7068350.jpg?20251101045534,,"The death toll in Jamaica after Hurricane Melissa could rise, with certain communities still marooned from the rest of the island, according to the police chief for the worst-affected area. 
Colerid… [+4247 chars]","'We have no food, no water... it feels like the wilderness': The communities shredded and still stranded by Hurricane Melissa The death toll in Jamaica after Hurricane Melissa could rise, with certain communities still marooned from the rest of the island, according to the police chief for the worst-affected area.","„Wir haben kein Essen, kein Wasser ... es fühlt sich an wie in der Wildnis“: Die vom Hurrikan Melissa zerstörten und immer noch gestrandeten Gemeinden Die Zahl der Todesopfer in Jamaika nach dem Hurrikan Melissa könnte steigen, wobei bestimmte Gemeinden immer noch vom Rest der Insel abgeschnitten sind, so der Polizeichef des am schlimmsten betroffenen Gebiets.",
22c6e8ced60c030fba65001990918374,2025-11-01T05:30:00Z,Tropical Cyclone,Impacts,www.independent.ie,en,1,‘It’s like a bomb went off’ – Jamaicans struggling in chaos left after Hurricane Melissa,"Melissa, one of the strongest storms on record to make landfall in the Caribbean, began to dissipate yesterday after sowing devastation across much of Jamaica, cutting off communities in Cuba, drenching Haiti and leaving at least 50 dead.",https://www.independent.ie/world-news/north-america/its-like-a-bomb-went-off-jamaicans-struggling-in-chaos-left-after-hurricane-melissa/a131247451.html,https://focus.independent.ie/thumbor/dFyFOJiU6N1dinVV3zrrgUHCwiY=/629x460/smart/prod-mh-ireland/5e32d0bf-853e-48f3-b1e4-36eb05039902/ca998641-f667-4bda-b3fb-7d8fd9efc785/A-JAMAICA%20%2866%29.jpg,,"Death toll across region now stands at 50 but there are fears this number will increase significantly
Melissa, one of the strongest storms on record to make landfall in the Caribbean, began to dissi… [+4702 chars]","‘It’s like a bomb went off’ – Jamaicans struggling in chaos left after Hurricane Melissa Melissa, one of the strongest storms on record to make landfall in the Caribbean, began to dissipate yesterday after sowing devastation across much of Jamaica, cutting off communities in Cuba, drenching Haiti and leaving at least 50 dead.","„Es ist, als wäre eine Bombe explodiert“ – Jamaikaner kämpften im Chaos und verließen das Land, nachdem Hurrikan Melissa Melissa, einer der stärksten Stürme aller Zeiten, der in der Karibik auf Land traf, sich gestern aufzulösen begann, nachdem er in weiten Teilen Jamaikas Verwüstung angerichtet hatte, Gemeinden in Kuba lahmlegte, Haiti überschwemmte und mindestens 50 Tote forderte.",
9a06820ff3ed246fec76f38941549ca2,2025-11-01T07:32:37Z,Tropical Cyclone,Hazard,slashdot.org,en,1,‘How do you rebuild all this?’ Black River residents assess damage after Hurricane Melissa - The Guardian,"‘How do you rebuild all this?’ Black River residents assess damage after Hurricane MelissaThe Guardian In One Jamaican Town, Hurricane Melissa Left Behind Floodwaters and Dead LivestockThe New York Times 'It feels like the wilderness here now': The communitie…",https://slashdot.org/firehose.pl?op=view&amp;id=179927630,,,The Fine Print: The following comments are owned by whoever posted them. We are not responsible for them in any way.,"‘How do you rebuild all this?’ Black River residents assess damage after Hurricane Melissa - The Guardian ‘How do you rebuild all this?’ Black River residents assess damage after Hurricane MelissaThe Guardian In One Jamaican Town, Hurricane Melissa Left Behind Floodwaters and Dead LivestockThe New York Times 'It feels like the wilderness here now': The communitie…",„Wie baut man das alles wieder auf?“ Black River-Bewohner beurteilen Schäden nach Hurrikan Melissa - The Guardian „Wie baut man all das wieder auf?“ Black River-Bewohner bewerten Schäden nach Hurrikan MelissaThe Guardian In einer jamaikanischen Stadt hinterließ Hurrikan Melissa Überschwemmungen und totes Vieh.The New York Times „Hier fühlt es sich jetzt wie in der Wildnis an“: Die Gemeinde…,
691c7f1d98cba96e40841ba11e03a02e,2025-11-01T14:32:33Z,Tropical Cyclone,Impacts,slashdot.org,en,1,Hurricane Melissa dies over the cold waters of the North Atlantic - Yale Climate Connections,"Hurricane Melissa dies over the cold waters of the North AtlanticYale Climate Connections In One Jamaican Town, Hurricane Melissa Left Behind Floodwaters and Dead LivestockThe New York Times Hurricane Melissa death toll tops 50; 'apocalyptic' Caribbean damage…",https://slashdot.org/firehose.pl?op=view&amp;id=179929434,,http://web.archive.org/web/20160119174443/http://slashdot.org/firehose.pl?op=view,"In the future, you're going to get computers as prizes in breakfast cereals.
You'll throw them out because your house will be littered with them.","Hurricane Melissa dies over the cold waters of the North Atlantic - Yale Climate Connections Hurricane Melissa dies over the cold waters of the North AtlanticYale Climate Connections In One Jamaican Town, Hurricane Melissa Left Behind Floodwaters and Dead LivestockThe New York Times Hurricane Melissa death toll tops 50; 'apocalyptic' Caribbean damage…",Hurrikan Melissa stirbt über den kalten Gewässern des Nordatlantiks - Yale Climate Connections Hurrikan Melissa stirbt über den kalten Gewässern des NordatlantiksYale Climate Connections In einer jamaikanischen Stadt hinterließ Hurrikan Melissa Überschwemmungen und totes Vieh. Die Zahl der Todesopfer durch Hurrikan Melissa in der New York Times übersteigt 50; „apokalyptischer“ karibischer Schaden…,
0678820dee414efbeea8e00bf8f3b932,2025-11-01T17:53:18Z,Tropical Cyclone,Impacts,slashdot.org,en,1,UK aid for Hurricane Melissa reaches Jamaica as Britons to be evacuated - BBC,"UK aid for Hurricane Melissa reaches Jamaica as Britons to be evacuatedBBC In One Jamaican Town, Hurricane Melissa Left Behind Floodwaters and Dead LivestockThe New York Times Caribbean islands reel from Hurricane Melissa’s devastating impact as storm heads n…",https://slashdot.org/firehose.pl?op=view&amp;id=179931018,,http://web.archive.org/web/20160119174443/http://slashdot.org/firehose.pl?op=view,The Fine Print: The following comments are owned by whoever posted them. We are not responsible for them in any way.,"UK aid for Hurricane Melissa reaches Jamaica as Britons to be evacuated - BBC UK aid for Hurricane Melissa reaches Jamaica as Britons to be evacuatedBBC In One Jamaican Town, Hurricane Melissa Left Behind Floodwaters and Dead LivestockThe New York Times Caribbean islands reel from Hurricane Melissa’s devastating impact as storm heads n…","Britische Hilfe für Hurrikan Melissa erreicht Jamaika, während Briten evakuiert werden müssen - BBC Britische Hilfe für Hurrikan Melissa erreicht Jamaika, während Briten evakuiert werden müssenBBC In einer jamaikanischen Stadt hinterließ Hurrikan Melissa Überschwemmungen und totes ViehDie New York Times Die karibischen Inseln sind von den verheerenden Auswirkungen des Hurrikans Melissa betroffen, als der Sturm auf uns zukommt…",
bbe9ded0aa78b47a02b9b2110a346269,2025-11-01T17:54:18Z,Tropical Cyclone,Hazard,www.wftv.com,en,1,Rescuers and aid workers bring relief to hurricane-hit Jamaica,Rescuers and aid workers have spread across Jamaica to deliver food and water after Hurricane Melissa ravaged the island,https://www.wftv.com/news/world/aid-workers-rush/OHCLKO44YQZDZOEPRHX2OJ5VPQ/,https://cmg-cmg-tv-10070-prod.cdn.arcpublishing.com/resizer/v2/https%3A%2F%2Fcloudfront-us-east-1.images.arcpublishing.com%2Fcmg%2FFFH7TWSAEM7WXMTAEIEE45YYLI.jpg?auth=7237d14da43aecf1ad0f5b5d1f737b647e7a69b1050c48515c4ee50d2a6862b8&width=1200&height=630&smart=true,,"KINGSTON, Jamaica — Rescuers and aid workers fanned out across Jamaica on Saturday to distribute food and water and reach communities still isolated four days after Hurricane Melissa hit the island.… [+3353 chars]",Rescuers and aid workers bring relief to hurricane-hit Jamaica Rescuers and aid workers have spread across Jamaica to deliver food and water after Hurricane Melissa ravaged the island,"Retter und Helfer bringen Hilfe für das vom Hurrikan heimgesuchte Jamaika. Retter und Helfer haben sich über ganz Jamaika verteilt, um Nahrungsmittel und Wasser zu liefern, nachdem Hurrikan Melissa die Insel verwüstet hatte",
cd30c6818847c5cceb0a299d00bd6590,2025-11-01T21:13:06Z,Tropical Cyclone,Hazard,www.miamiherald.com,en,1,28 Floridians rescued from Jamaica after Hurricane Melissa’s devastation,"As Jamaica slowly recovers from the most catastrophic hurricane to hit the country, more than two dozen Floridians stranded there have been rescued and...",https://www.miamiherald.com/news/state/florida/article312740837.html,https://media.zenfs.com/en/miami_herald_mcclatchy_975/d0e5260a680399889658ffc62a142125,,"As Jamaica slowly recovers from the most catastrophic hurricane to hit the country, more than two dozen Floridians stranded there have been rescued and returned home Saturday afternoon, officials sai… [+1374 chars]","28 Floridians rescued from Jamaica after Hurricane Melissa’s devastation As Jamaica slowly recovers from the most catastrophic hurricane to hit the country, more than two dozen Floridians stranded there have been rescued and...","28 Floridianer nach der Verwüstung durch Hurrikan Melissa aus Jamaika gerettet Während sich Jamaika langsam von dem katastrophalsten Hurrikan erholt, der das Land heimgesucht hat, wurden mehr als zwei Dutzend dort gestrandete Floridianer gerettet und...",
38734988298a4e760441689e1c750435,2025-11-01T21:48:49Z,Tropical Cyclone,Impacts,japantoday.com,en,1,Aid efforts struggle to bring relief to parts of hurricane-stricken Jamaica,Rescuers and aid workers fanned out across Jamaica on Saturday to distribute food and water and reach communities still isolated four days after Hurricane Melissa hit the island. Essential relief supplies are now rolling into hurricane-stricken St. Elizabeth …,https://japantoday.com/category/world/aid-efforts-struggle-to-bring-relief-to-parts-of-hurricane-stricken-jamaica,,,"Rescuers and aid workers fanned out across Jamaica on Saturday to distribute food and water and reach communities still isolated four days after Hurricane Melissa hit the island.
Essential relief su… [+3339 chars]",Aid efforts struggle to bring relief to parts of hurricane-stricken Jamaica Rescuers and aid workers fanned out across Jamaica on Saturday to distribute food and water and reach communities still isolated four days after Hurricane Melissa hit the island. Essential relief supplies are now rolling into hurricane-stricken St. Elizabeth …,"Hilfsmaßnahmen haben Mühe, in Teilen des vom Hurrikan heimgesuchten Jamaika Hilfe zu leisten. Retter und Helfer strömten am Samstag quer durch Jamaika aus, um Lebensmittel und Wasser zu verteilen und Gemeinden zu erreichen, die vier Tage nach der Verwüstung der Insel durch Hurrikan Melissa noch immer isoliert waren. Jetzt rollen lebenswichtige Hilfsgüter in das vom Hurrikan heimgesuchte St. Elizabeth …",
cf2930505958e1dfc530a6eefa8bbf42,2025-11-02T00:24:20Z,Tropical Cyclone,Impacts,www.yahoo.com,en,1,50 dead as Caribbean digs out from Hurricane Melissa,"Jamaican officials announced plans Saturday to set up multiple field hospitals as it recovers from Hurricane Melissa, with the death toll numbering at least ...",https://www.yahoo.com/news/articles/50-dead-caribbean-digs-hurricane-002420674.html,https://media.zenfs.com/en/afp.com/0f6f0f276ff9c0f0b597a16b76926ea7,,"Jamaican officials announced plans Saturday to set up multiple field hospitals as it recovers from Hurricane Melissa, with the death toll numbering at least 50 across the Caribbean -- and expected to… [+1417 chars]","50 dead as Caribbean digs out from Hurricane Melissa Jamaican officials announced plans Saturday to set up multiple field hospitals as it recovers from Hurricane Melissa, with the death toll numbering at least ...","50 Tote bei Rettung durch Hurrikan Melissa in der Karibik Jamaikanische Beamte kündigten am Samstag Pläne zur Einrichtung mehrerer Feldlazarette an, während sich das Land von Hurrikan Melissa erholt. Die Zahl der Todesopfer beträgt mindestens ...",
8df2c362ce5895d2aa53838195b5d593,2025-11-02T01:20:27Z,Tropical Cyclone,Hazard,www.cbsnews.com,en,1,Jamaica relief efforts continue in aftermath of Hurricane Melissa,Rescuers and aid workers fanned out across Jamaica on Saturday to distribute food and water and reach communities still isolated four days after Hurricane Melissa hit the island.,https://www.cbsnews.com/news/jamaica-relief-efforts-continue-aftermath-of-hurricane-melissa/,https://assets2.cbsnewsstatic.com/hub/i/r/2025/11/02/569fa185-8006-45ba-bd58-6ebc038fbb9d/thumbnail/1200x630/fb089cc99caa410500ec16303f55a4dc/gettyimages-2243939755.jpg,,"Rescuers and aid workers fanned out across Jamaica on Saturday to distribute food and water and reach communities still isolated four days after Hurricane Melissa hit the island.
One of the stronges… [+6821 chars]",Jamaica relief efforts continue in aftermath of Hurricane Melissa Rescuers and aid workers fanned out across Jamaica on Saturday to distribute food and water and reach communities still isolated four days after Hurricane Melissa hit the island.,"Die Hilfsmaßnahmen in Jamaika werden nach dem Hurrikan Melissa fortgesetzt. Retter und Hilfskräfte strömten am Samstag in ganz Jamaika aus, um Lebensmittel und Wasser zu verteilen und Gemeinden zu erreichen, die vier Tage nach dem Hurrikan Melissa die Insel noch immer isoliert hatten.",
4d7e3572de306b0eb590278daaa18ae0,2025-11-02T02:38:49Z,Flood,Hazard,www.aljazeera.com,en,1,"Landslides in Kenya’s Rift Valley leave 21 dead, 30 others missing",Aerial footage from Elgeyo-Marakwet County shows massive mudslides and flash flooding stretching over vast distances.,https://www.aljazeera.com/news/2025/11/2/landslides-in-kenyas-rift-valley-leave-21-dead-30-others-missing,https://www.aljazeera.com/wp-content/uploads/2025/11/2025-11-01T110505Z_2107970014_RC2MNHA8C37L_RTRMADP_3_KENYA-LANDSLIDE-1762049827.jpg?resize=1200%2C675,,"Heavy rains have triggered landslides in Kenyas western Rift Valley region, killing at least 21 people and destroying more than 1,000 homes, according to officials.
Kenyan Cabinet Secretary for the … [+1818 chars]","Landslides in Kenya’s Rift Valley leave 21 dead, 30 others missing Aerial footage from Elgeyo-Marakwet County shows massive mudslides and flash flooding stretching over vast distances.","Bei Erdrutschen im Rift Valley in Kenia sind 21 Menschen ums Leben gekommen, 30 weitere werden vermisst. Luftaufnahmen aus dem Landkreis Elgeyo-Marakwet zeigen massive Schlammlawinen und Sturzfluten, die sich über weite Strecken erstrecken.",
7a398bd1ed151b3c5f5cb4b312e4cc70,2025-11-02T03:03:26Z,Tropical Cyclone,Impacts,www.faz.net,de,1,Jahrhundertsturm „Melissa“: Opferzahl nach Hurrikan-Katastrophe in Karibik steigt weiter,"Wirbelsturm „Melissa“ hat auf Jamaika verheerende Schäden angerichtet. Viele sind in Not: Hilfsgüter erreichen abgeschnittene Orte kaum, Nahrungsmittel werden knapp, Tausende Touristen sitzen fest.",https://www.faz.net/aktuell/gesellschaft/ungluecke/jahrhundertsturm-melissa-opferzahl-nach-hurrikan-katastrophe-in-karibik-steigt-weiter-accg-110760908.html,https://media0.faz.net/ppmedia/w1200/aktuell/politik/3935027633/1.10760910/facebook_teaser/hurrikan-melissa-hat-auf.jpg.webp,,Der verheerende Hurrikan Melissa hat in der Karibik noch mehr Menschen in den Tod gerissen als bisher bekannt. Allein in Jamaika gibt es nach Regierungsangaben inzwischen 28 bestätigte Todesfälle. Zu… [+2537 chars],"Storm of the century “Melissa”: The number of victims after the hurricane catastrophe in the Caribbean continues to rise. Hurricane “Melissa” has caused devastating damage in Jamaica. Many are in need: aid supplies barely reach cut-off places, food is becoming scarce, and thousands of tourists are stranded.","Jahrhundertsturm „Melissa“: Opferzahl nach Hurrikan-Katastrophe in Karibik steigt weiter Wirbelsturm „Melissa“ hat auf Jamaika verheerende Schäden angerichtet. Viele sind in Not: Hilfsgüter erreichen abgeschnittene Orte kaum, Nahrungsmittel werden knapp, Tausende Touristen sitzen fest.",
0b6893f554cfc031d5f4125196f1cf27,2025-11-02T05:12:31Z,Tropical Cyclone,Impacts,slashdot.org,en,1,Hurricane Melissa leaves 28 dead after tearing through Jamaica - Sky News,Hurricane Melissa leaves 28 dead after tearing through JamaicaSky News Death Toll Rises From Hurricane Melissa as Many Communities Remain Cut offThe New York Times Aid efforts struggle to bring relief to parts of hurricane-stricken JamaicaAP News Hurricane Me…,https://slashdot.org/firehose.pl?op=view&amp;id=179935860,,http://web.archive.org/web/20160119174443/http://slashdot.org/firehose.pl?op=view,The Fine Print: The following comments are owned by whoever posted them. We are not responsible for them in any way.,Hurricane Melissa leaves 28 dead after tearing through Jamaica - Sky News Hurricane Melissa leaves 28 dead after tearing through JamaicaSky News Death Toll Rises From Hurricane Melissa as Many Communities Remain Cut offThe New York Times Aid efforts struggle to bring relief to parts of hurricane-stricken JamaicaAP News Hurricane Me…,"Hurrikan Melissa fordert 28 Tote, nachdem er über Jamaika hinwegfegte - Sky News Hurrikan Melissa fordert 28 Tote, nachdem er über Jamaika hinwegfegteSky News Zahl der Todesopfer durch Hurrikan Melissa steigt, da viele Gemeinden abgeschnitten bleibenDie New York Times Hilfsmaßnahmen kämpfen darum, in Teilen des vom Hurrikan heimgesuchten Jamaika Hilfe zu bringenAP News Hurrikan Me…",
0d5878129e336a6dc09a01eeb5a94196,2025-11-02T07:03:03Z,Tropical Cyclone,Impacts,www.tagesschau.de,de,1,"Jamaika: Zahl der Toten nach Hurrikan ""Melissa"" gestiegen","Im Karibikstaat Jamaika ist die Zahl der Toten nach Hurrikan ""Melissa"" gestiegen. Einige Gebiete sind noch immer von der Außenwelt abgeschnitten. Auch Touristen sitzen weiter fest: Viele für gestern geplante Flüge fielen aus.",https://www.tagesschau.de/ausland/amerika/opferzahlen-hurrikan-melissa-100.html,https://images.tagesschau.de/image/64c18389-b75c-4db2-b830-9d9be34bfd2d/AAABmkNgZl0/AAABmgWmh8Q/16x9-big/melissa-hurrikan-jamaika-100.jpg?width=1280,http://web.archive.org/web/20251103075656/https://www.tagesschau.de/ausland/amerika/opferzahlen-hurrikan-melissa-100.html,"Stand: 02.11.2025 08:03 Uhr
Im Karibikstaat Jamaika ist die Zahl der Toten nach Hurrikan ""Melissa"" gestiegen. Einige Gebiete sind noch immer von der Außenwelt abgeschnitten. Auch Touristen sitzen we… [+4803 chars]","Jamaica: Number of deaths increased after Hurricane ""Melissa"" In the Caribbean state of Jamaica, the number of deaths after Hurricane ""Melissa"" increased. Some areas are still cut off from the outside world. Tourists are also still stuck: many flights planned for yesterday were canceled.","Jamaika: Zahl der Toten nach Hurrikan ""Melissa"" gestiegen Im Karibikstaat Jamaika ist die Zahl der Toten nach Hurrikan ""Melissa"" gestiegen. Einige Gebiete sind noch immer von der Außenwelt abgeschnitten. Auch Touristen sitzen weiter fest: Viele für gestern geplante Flüge fielen aus.",
6546a91956b73c1a4335509197fac0e6,2025-11-02T08:36:06Z,Snow&Ice,Causes,www.stern.de,de,1,"Wetter: Kaltfront bringt Wolken, Schauer und kurze Gewitter",Offenbach (lhe) - Rückseitig einer Kaltfront stellt sich am Sonntag in Hessen wechselhaftes Schauerwetter ein. Im Tagesverlauf sind kurze Gewitter,https://www.stern.de/gesellschaft/regional/hessen/wetter--kaltfront-bringt-wolken--schauer-und-kurze-gewitter-36181670.html,https://image.stern.de/36181672/t/Mg/v1/w1440/r1.7778/-/02--ma7os65j33v6axs2048jpeg---dec8c84c16a79e9a.jpg,,"Kopiere den aktuellen Link
Zur Merkliste hinzufügen
Eine Kaltfront sorgt für unbeständiges Wetter in Hessen. Im Süden können einzelne Gewitter auftreten. Die Temperaturen bleiben mild.
Rückseitig … [+1397 chars]","Weather: Cold front brings clouds, showers and short thunderstorms Offenbach (lhe) - On the back of a cold front, changeable showery weather sets in in Hesse on Sunday. There are brief thunderstorms during the day","Wetter: Kaltfront bringt Wolken, Schauer und kurze Gewitter Offenbach (lhe) - Rückseitig einer Kaltfront stellt sich am Sonntag in Hessen wechselhaftes Schauerwetter ein. Im Tagesverlauf sind kurze Gewitter",
0d0246189c0ca538a08676f9b1d2cd83,2025-11-02T08:48:55Z,Snow&Ice,Causes,www.stern.de,de,1,Kaltfront: Schauer und Gewitter in Rheinland-Pfalz und im Saarland,Am Sonntag zeigt sich das Wetter in Rheinland-Pfalz und im Saarland wechselhaft. Neben Schauern und vereinzelten Gewittern sind auch kurze Auflockerungen möglich. Zum Wochenstart wird es ruhiger.,https://www.stern.de/gesellschaft/regional/rheinland-pfalz-saarland/kaltfront--schauer-und-gewitter-in-rheinland-pfalz-und-im-saarland-36181700.html,https://image.stern.de/36181702/t/1V/v1/w1440/r1.7778/-/02--jgxipx5zbtv7axs2048jpeg---db5830441ac74376.jpg,,"Kopiere den aktuellen Link
Zur Merkliste hinzufügen
Am Sonntag zeigt sich das Wetter in Rheinland-Pfalz und im Saarland wechselhaft. Neben Schauern und vereinzelten Gewittern sind auch kurze Aufloc… [+1772 chars]","Cold front: Showers and thunderstorms in Rhineland-Palatinate and Saarland On Sunday the weather in Rhineland-Palatinate and Saarland will be changeable. In addition to showers and isolated thunderstorms, brief breaks are also possible. Things get quieter at the start of the week.",Kaltfront: Schauer und Gewitter in Rheinland-Pfalz und im Saarland Am Sonntag zeigt sich das Wetter in Rheinland-Pfalz und im Saarland wechselhaft. Neben Schauern und vereinzelten Gewittern sind auch kurze Auflockerungen möglich. Zum Wochenstart wird es ruhiger.,
a440c9569db48cf80275b153f64d91e3,2025-11-02T09:15:30Z,Drought,Impacts,www.diepresse.com,de,1,Nestlé spendet Bauern Kaffeepflanzen: Neuer Kaffee fürs neue Klima [premium],"Der Kaffeeverbrauch der Welt steigt, und gleichzeitig drohen die Ernteflächen immer kleiner zu werden. Dürre und Schädlinge bedrohen die Produktionsbetriebe entlang des Äquators. Der größte Lebensmittelproduzent der Welt will mit resistenteren Pflanzen die Zu…",https://www.diepresse.com/20255797/nestle-spendet-bauern-kaffeepflanzen-neuer-kaffee-fuers-neue-klima,https://img.diepresse.com/public/incoming/usiawu-DOMINICAN-REPUBLIC/alternates/DPR_SOCIAL_MAGAZIN/DOMINICAN%20REPUBLIC,http://web.archive.org/web/20251103202742/https://www.diepresse.com/20255797/nestle-spendet-bauern-kaffeepflanzen-neuer-kaffee-fuers-neue-klima,"Es ist ein eindrückliches Beispiel, das der Film über eine Kaffeebäuerin aus Mittelamerika zeigt, der im Nestlé-Pflanzenlabor im französischen Tours läuft. Die Arbeit ist hart, die Anbauflächen schwe… [+7649 chars]","Nestlé donates coffee plants to farmers: New coffee for the new climate [premium] The world's coffee consumption is increasing, and at the same time the harvested areas are threatening to become smaller and smaller. Drought and pests threaten production operations along the equator. The world's largest food producer wants to use more resistant plants to...","Nestlé spendet Bauern Kaffeepflanzen: Neuer Kaffee fürs neue Klima [premium] Der Kaffeeverbrauch der Welt steigt, und gleichzeitig drohen die Ernteflächen immer kleiner zu werden. Dürre und Schädlinge bedrohen die Produktionsbetriebe entlang des Äquators. Der größte Lebensmittelproduzent der Welt will mit resistenteren Pflanzen die Zu…",
bd6b9e4a01590c6d027632ed8977ea32,2025-11-02T11:52:19Z,Fog,Hazard,www.diepresse.com,de,1,Herbst bringt Sonne und milde Temperaturen,"In den kommenden Tagen stellt sich in Österreich typisches Herbstwetter ein: Hochdruckeinfluss sorgt für ruhiges und meist sonniges Wetter, mit häufigem Nebel und milden Temperaturen. Gegen Ende der Woche werden die Hochnebelfelder hartnäckiger – Regen bleibt…",https://www.diepresse.com/20264249/hochdruckeinfluss-sorgt-fuer-ruhiges-herbstwetter,https://img.diepresse.com/public/incoming/h4oezv-imago-images-0839126243/alternates/DPR_SOCIAL_NACHRICHTEN/imago%20images%200839126243,,"In den kommenden Tagen stellt sich in Österreich typisches Herbstwetter ein: Hochdruckeinfluss sorgt für ruhiges und meist sonniges Wetter, mit häufigem Nebel und milden Temperaturen. Gegen Ende der … [+2436 chars]","Autumn brings sun and mild temperatures In the coming days, typical autumn weather will set in in Austria: the influence of high pressure ensures calm and mostly sunny weather, with frequent fog and mild temperatures. Towards the end of the week the high fog fields become more persistent - rain remains...","Herbst bringt Sonne und milde Temperaturen In den kommenden Tagen stellt sich in Österreich typisches Herbstwetter ein: Hochdruckeinfluss sorgt für ruhiges und meist sonniges Wetter, mit häufigem Nebel und milden Temperaturen. Gegen Ende der Woche werden die Hochnebelfelder hartnäckiger – Regen bleibt…",
77ca66bdff068a957e4481b4f30348ce,2025-11-02T12:52:50Z,Tropical Cyclone,Impacts,slashdot.org,en,1,Hurricane Melissa death toll rises to 28 in Jamaica - BBC,"Hurricane Melissa death toll rises to 28 in JamaicaBBC Hurricane Melissa kills at least 30 in the Caribbean as it crosses the BahamasCNN Jamaican farms reel from Hurricane Melissa, fueling fears of food shortagesReuters Hurricane Melissa left meteorologists s…",https://slashdot.org/firehose.pl?op=view&amp;id=179938828,,http://web.archive.org/web/20160119174443/http://slashdot.org/firehose.pl?op=view,"""Aww, if you make me cry anymore, you'll fog up my helmet.""
-- ""Visionaries"" cartoon","Hurricane Melissa death toll rises to 28 in Jamaica - BBC Hurricane Melissa death toll rises to 28 in JamaicaBBC Hurricane Melissa kills at least 30 in the Caribbean as it crosses the BahamasCNN Jamaican farms reel from Hurricane Melissa, fueling fears of food shortagesReuters Hurricane Melissa left meteorologists s…","Die Zahl der Todesopfer durch Hurrikan Melissa steigt in Jamaika auf 28 - BBC Die Zahl der Todesopfer durch Hurrikan Melissa steigt in Jamaika auf 28BBC-Hurrikan Melissa tötet in der Karibik mindestens 30 Menschen, als er die Bahamas überquertCNN Jamaikanische Farmen sind von Hurrikan Melissa betroffen, was Ängste vor Nahrungsmittelknappheit schürtReuters Hurrikan Melissa hat Meteorologen zurückgelassen …",
668c94102d0bfc0cb764d0695636cf89,2025-11-02T16:12:08Z,Landslide,Hazard,www.bild.de,de,1,17-Jährige und ihr Vater unter den Toten - Die Lawine presste die Opfer in eine Gletscherspalte,"Eine Lawine im Ortler-Massiv hat fünf deutsche Bergsteiger getötet, darunter Vater und Tochter.",https://www.bild.de/news/ausland/fuenf-opfer-aus-deutschland-hier-bergen-sie-die-lawinen-toten-69073667df9fa029228f0bab,"https://images.bild.de/69073667df9fa029228f0bab/54f465950375cb87c706092d38d53241,db8968de?w=1280",,"Bozen (Südtirol) Der Rettungshubschrauber landete um 12.59 Uhr. An Bord: die Leichen des toten Mädchens (17) und ihres Vaters (52). Wie drei weitere deutsche Bergsteiger (21, 21, 58) wurden sie am Sa… [+2942 chars]","17-year-old and her father among the dead - The avalanche pressed the victims into a crevasse. An avalanche in the Ortler massif killed five German mountaineers, including a father and daughter.","17-Jährige und ihr Vater unter den Toten - Die Lawine presste die Opfer in eine Gletscherspalte Eine Lawine im Ortler-Massiv hat fünf deutsche Bergsteiger getötet, darunter Vater und Tochter.",
d5dafd0004f9a11348809cf3c8eebb1e,2025-11-02T17:52:42Z,Tropical Cyclone,Hazard,slashdot.org,en,1,Aid struggles to reach Jamaican towns devastated by hurricane - BBC,Aid struggles to reach Jamaican towns devastated by hurricaneBBC Communities in Hurricane-Ravaged Jamaica Still Cut Off as Death Toll ClimbsThe New York Times Hurricane Melissa left meteorologists stunned and worriedUSA Today Jamaican farms reel from Hurrican…,https://slashdot.org/firehose.pl?op=view&amp;id=179941606,,http://web.archive.org/web/20160119174443/http://slashdot.org/firehose.pl?op=view,"""Don't try to outweird me, three-eyes. I get stranger things than you free
with my breakfast cereal.""
- Zaphod Beeblebrox in ""Hithiker's Guide to the Galaxy""",Aid struggles to reach Jamaican towns devastated by hurricane - BBC Aid struggles to reach Jamaican towns devastated by hurricaneBBC Communities in Hurricane-Ravaged Jamaica Still Cut Off as Death Toll ClimbsThe New York Times Hurricane Melissa left meteorologists stunned and worriedUSA Today Jamaican farms reel from Hurrican…,"Hilfe kämpft darum, vom Hurrikan verwüstete jamaikanische Städte zu erreichen - BBC Hilfe kämpft darum, vom Hurrikan verwüstete jamaikanische Städte zu erreichenBBC-Gemeinschaften im vom Hurrikan verwüsteten Jamaika immer noch unterbrochen, da die Zahl der Todesopfer steigtDer New York Times-Hurrikan Melissa hat Meteorologen fassungslos und besorgt zurückgelassenUSA Today Jamaikanische Farmen sind vom Hurrikan erschüttert…",
ac939fbcb3373841cee4816599e400fd,2025-11-02T19:32:48Z,Tropical Cyclone,Hazard,slashdot.org,en,1,"Jamaican farms reel from Hurricane Melissa, fueling fears of food shortages - Reuters","Jamaican farms reel from Hurricane Melissa, fueling fears of food shortagesReuters Communities in Hurricane-Ravaged Jamaica Still Cut Off as Death Toll ClimbsThe New York Times 'No help, no food, no water': Aid struggles to reach Jamaican towns devastated by …",https://slashdot.org/firehose.pl?op=view&amp;id=179942442,,http://web.archive.org/web/20160119174443/http://slashdot.org/firehose.pl?op=view,The Fine Print: The following comments are owned by whoever posted them. We are not responsible for them in any way.,"Jamaican farms reel from Hurricane Melissa, fueling fears of food shortages - Reuters Jamaican farms reel from Hurricane Melissa, fueling fears of food shortagesReuters Communities in Hurricane-Ravaged Jamaica Still Cut Off as Death Toll ClimbsThe New York Times 'No help, no food, no water': Aid struggles to reach Jamaican towns devastated by …","Jamaikanische Bauernhöfe leiden unter Hurrikan Melissa, was Ängste vor Nahrungsmittelknappheit schürt - Reuters Jamaikanische Bauernhöfe leiden unter Hurrikan Melissa, was Ängste vor Nahrungsmittelknappheit schürtReuters Gemeinden im vom Hurrikan verwüsteten Jamaika bleiben wegen steigender Zahl der Todesopfer abgeschnittenThe New York Times „Keine Hilfe, kein Essen, kein Wasser“: Hilfe kämpft darum, die von … verwüsteten jamaikanischen Städte zu erreichen.",
6be246f57692a3fc9329a791bd3f9006,2025-11-02T20:12:20Z,Tropical Cyclone,Hazard,slashdot.org,en,1,Hurricane Melissa deals another heavy blow to Jamaica’s farmers and fishers - AP News,Hurricane Melissa deals another heavy blow to Jamaica’s farmers and fishersAP News Communities in Hurricane-Ravaged Jamaica Still Cut Off as Death Toll ClimbsThe New York Times Hurricane Melissa kills at least 30 in the Caribbean as it crosses the BahamasCNN …,https://slashdot.org/firehose.pl?op=view&amp;id=179942764,,http://web.archive.org/web/20160119174443/http://slashdot.org/firehose.pl?op=view,"""You stay here, Audrey -- this is between me and the vegetable!""
-- Seymour, from _Little Shop Of Horrors_",Hurricane Melissa deals another heavy blow to Jamaica’s farmers and fishers - AP News Hurricane Melissa deals another heavy blow to Jamaica’s farmers and fishersAP News Communities in Hurricane-Ravaged Jamaica Still Cut Off as Death Toll ClimbsThe New York Times Hurricane Melissa kills at least 30 in the Caribbean as it crosses the BahamasCNN …,"Hurrikan Melissa versetzt Jamaikas Bauern und Fischern einen weiteren schweren Schlag - AP News Hurrikan Melissa versetzt Jamaikas Bauern und Fischern einen weiteren schweren SchlagAP News Communities im vom Hurrikan verwüsteten Jamaika bleiben wegen steigender Zahl der Todesopfer abgeschnittenThe New York Times Hurrikan Melissa tötet in der Karibik mindestens 30 Menschen, als er die Bahamas überquertCNN …",
6f69d18ce70a4ffe0976ceb72ddaba66,2025-11-02T21:41:45Z,Earthquake,Hazard,www.stern.de,de,1,Land am Hindukusch: Wieder Erdbeben in Afghanistan,Kabul - In Afghanistan hat wieder die Erde gebebt. Nach Angaben der US-Erdbebenwarte USGS hatte das Erdbeben im Norden des Landes in einer Tiefe von 28,https://www.stern.de/panorama/land-am-hindukusch--wieder-erdbeben-in-afghanistan-36182714.html,https://image.stern.de/36182716/t/s4/v1/w1440/r1.7778/-/02--44gddzo7v6v12axs2048jpeg---0abf9fb484a31515.jpg,http://web.archive.org/web/20251105051400/https://www.stern.de/panorama/land-am-hindukusch--wieder-erdbeben-in-afghanistan-36182714.html,"Kopiere den aktuellen Link
Zur Merkliste hinzufügen
In Afghanistan kommt die Erde nicht zur Ruhe. Nun hat es wieder ein Erdbeben gegeben die Folgen sind noch unklar.
In Afghanistan hat wieder die … [+421 chars]","Country in the Hindu Kush: Another earthquake in Afghanistan Kabul - The earth has shaken again in Afghanistan. According to the US Earthquake Observatory USGS, the earthquake had a depth of 28 in the north of the country",Land am Hindukusch: Wieder Erdbeben in Afghanistan Kabul - In Afghanistan hat wieder die Erde gebebt. Nach Angaben der US-Erdbebenwarte USGS hatte das Erdbeben im Norden des Landes in einer Tiefe von 28,
c4b13a0b2c92c624a36aba73eabef9af,2025-11-03T03:52:58Z,Earthquake,Hazard,www.faz.net,de,1,"Stärke 6,3: Mehr als 20 Tote bei Erdbeben im Norden Afghanistans",Mehrere Hundert Menschen wurden verletzt. Das Taliban-Regime hat Soldaten in die Erdbebengebiete entsandt. Einen funktionierenden Katastrophenschutz gibt es nicht.,https://www.faz.net/aktuell/gesellschaft/ungluecke/mehr-als-20-tote-bei-erdbeben-im-norden-afghanistans-accg-110762081.html,https://media0.faz.net/ppmedia/w1200/aktuell/1005209559/1.10762708/facebook_teaser/bewohner-der-provinz-samangan.jpg.webp,http://web.archive.org/web/20251105052415/https://www.faz.net/aktuell/gesellschaft/ungluecke/mehr-als-20-tote-bei-erdbeben-im-norden-afghanistans-accg-110762081.html,Bei einem Erd­beben im Norden ­Afghanistans sind in der Nacht zum Montag nach Angaben des Gesund­heits­ministeriums mehr als 20 Personen ums Leben gekommen und mehr als 320 Personen verletzt worden. … [+2008 chars],Magnitude 6.3: More than 20 dead in earthquake in northern Afghanistan Several hundred people were injured. The Taliban regime has sent soldiers to the earthquake zones. There is no functioning disaster protection.,"Stärke 6,3: Mehr als 20 Tote bei Erdbeben im Norden Afghanistans Mehrere Hundert Menschen wurden verletzt. Das Taliban-Regime hat Soldaten in die Erdbebengebiete entsandt. Einen funktionierenden Katastrophenschutz gibt es nicht.",
baf31f117e1f223b41ddd7cf4c54ea24,2025-11-03T05:43:39Z,Tropical Cyclone,Hazard,www.tagesspiegel.de,de,1,Heftige Niederschläge: 37 Tote bei Überschwemmungen in Vietnam,Häuser und Straßen stehen in Teilen Vietnams seit einer Woche unter Wasser. Jetzt nähert sich auch noch ein Tropensturm dem südostasiatischen Land.,https://www.tagesspiegel.de/gesellschaft/panorama/heftige-niederschlage-37-tote-bei-uberschwemmungen-in-vietnam-14728343.html,https://www.tagesspiegel.de/images/14728340/alternates/BASE_16_9_W1400/1762148618000/uberschwemmungen-in-vietnam.jpeg,,"Starke Regenfälle sorgen seit einer Woche für schwere Überschwemmungen in Teilen Vietnams. Die Zahl der Toten ist inzwischen auf 37 gestiegen, wie örtliche Behörden am Montag mitteilten. Fünf Mensche… [+1139 chars]",Heavy rainfall: 37 dead in floods in Vietnam Houses and streets have been under water in parts of Vietnam for a week. Now a tropical storm is approaching the Southeast Asian country.,Heftige Niederschläge: 37 Tote bei Überschwemmungen in Vietnam Häuser und Straßen stehen in Teilen Vietnams seit einer Woche unter Wasser. Jetzt nähert sich auch noch ein Tropensturm dem südostasiatischen Land.,
91f0f2ac5820238bf1bff59ca8734dbc,2025-11-03T07:25:46Z,Volcano,Hazard,en.antaranews.com,en,1,"Mount Marapi on Caution status, erupts for 29 seconds","The Volcano Post (PGA) of Mount Marapi reported that the eruption of the volcano located in Agam and Tanah Datar Districts, West Sumatra, lasted approximately ...",https://en.antaranews.com/news/389577/mount-marapi-on-caution-status-erupts-for-29-seconds,https://cdn.antaranews.com/cache/1200x800/2025/11/03/Gunung-Marapi.jpeg.jpg,http://web.archive.org/web/20251104152125/https://en.antaranews.com/news/389577/mount-marapi-on-caution-status-erupts-for-29-seconds,"Kota Padang (ANTARA) - The Volcano Post (PGA) of Mount Marapi reported that the eruption of the volcano located in Agam and Tanah Datar Districts, West Sumatra, lasted approximately 29 seconds on Mon… [+1780 chars]","Mount Marapi on Caution status, erupts for 29 seconds The Volcano Post (PGA) of Mount Marapi reported that the eruption of the volcano located in Agam and Tanah Datar Districts, West Sumatra, lasted approximately ...","Mount Marapi im Status „Vorsicht“, bricht 29 Sekunden lang aus Die Volcano Post (PGA) des Mount Marapi berichtete, dass der Ausbruch des Vulkans in den Distrikten Agam und Tanah Datar, West-Sumatra, etwa ...",
eac7cd4420bbf7bdf8b04c568549e1ef,2025-11-03T10:00:00Z,Tropical Cyclone,Hazard,www.scientificamerican.com,en,1,Why Hurricane Melissa Was One of the Most Powerful Atlantic Storms in History,Hurricane Melissa’s rare intensity and lasting impact reveal how storms are evolving in a warming world.,https://www.scientificamerican.com/podcast/episode/why-hurricane-melissa-was-one-of-the-most-powerful-atlantic-storms-in/,https://static.scientificamerican.com/dam/m/d8d284fa52af194/original/2511_SQ_MON_NOV_03_thumbnail.png?m=1761937364.672&w=1200,,"Rachel Feltman: Happy Monday, listeners! For Scientific American’s Science Quickly, I’m Rachel Feltman. Today we’re mainly going to focus on one major story from last week: Hurricane Melissa.
Here t… [+10609 chars]",Why Hurricane Melissa Was One of the Most Powerful Atlantic Storms in History Hurricane Melissa’s rare intensity and lasting impact reveal how storms are evolving in a warming world.,"Warum Hurrikan Melissa einer der stärksten Atlantikstürme in der Geschichte war Die seltene Intensität und anhaltende Wirkung von Hurrikan Melissa zeigen, wie sich Stürme in einer sich erwärmenden Welt entwickeln.",
05d715e52ea8c4742b55fe5ca581f9e6,2025-11-03T11:38:44Z,Earthquake,Mitigation,www.stern.de,de,1,Katastrophe: Erdbeben erschüttert Afghanistan - Mehr als 20 Tote,Kabul - Bei einem schweren Erdbeben im Norden Afghanistans sind mindestens 27 Menschen ums Leben gekommen. Das meldete die staatliche Nachrichtenagentur,https://www.stern.de/panorama/katastrophe--erdbeben-erschuettert-afghanistan---mehr-als-20-tote-36183964.html,https://image.stern.de/36183966/t/Fk/v1/w1440/r1.7778/-/03--atbalnooxpv4axs2048jpeg---9126ae70b5117156.jpg,http://web.archive.org/web/20251105005823/https://www.stern.de/panorama/katastrophe--erdbeben-erschuettert-afghanistan---mehr-als-20-tote-36183964.html,"Kopiere den aktuellen Link
Zur Merkliste hinzufügen
Nach dem schweren Erdbeben in Nordafghanistan steigt die Opferzahl weiter. Zudem kam es zu zahlreichen Schäden. Was ist bekannt?
Bei einem schwe… [+1854 chars]",Catastrophe: Earthquake shakes Afghanistan - More than 20 dead Kabul - At least 27 people have died in a severe earthquake in northern Afghanistan. This was reported by the state news agency,Katastrophe: Erdbeben erschüttert Afghanistan - Mehr als 20 Tote Kabul - Bei einem schweren Erdbeben im Norden Afghanistans sind mindestens 27 Menschen ums Leben gekommen. Das meldete die staatliche Nachrichtenagentur,
88d4d89cafa64c6dae701ad9cbb0b2eb,2025-11-03T11:38:44Z,Earthquake,Hazard,www.zeit.de,de,1,Katastrophe: Erdbeben erschüttert Afghanistan - Mehr als 20 Tote,Hier finden Sie Informationen zu dem Thema „Katastrophe“. Lesen Sie jetzt „Erdbeben erschüttert Afghanistan - Mehr als 20 Tote“.,https://www.zeit.de/news/2025-11/03/erdbeben-erschuettert-afghanistan-mehr-als-20-tote,https://img.zeit.de/news/2025-11/03/erdbeben-erschuettert-afghanistan-mehr-als-20-tote-image-group/wide__1300x731,,Bei einem schweren Erdbeben im Norden Afghanistans sind mindestens 27 Menschen ums Leben gekommen. Das meldete die staatliche Nachrichtenagentur Bachtar. Zudem seien 730 Menschen verletzt worden. Am … [+1710 chars],Catastrophe: Earthquake shakes Afghanistan - More than 20 dead Here you will find information on the topic of “catastrophe”. Now read “Earthquake shakes Afghanistan – More than 20 dead”.,Katastrophe: Erdbeben erschüttert Afghanistan - Mehr als 20 Tote Hier finden Sie Informationen zu dem Thema „Katastrophe“. Lesen Sie jetzt „Erdbeben erschüttert Afghanistan - Mehr als 20 Tote“.,
bea8fb6e1a7531c46e61c72ece9a611d,2025-11-03T11:40:04Z,Earthquake,Hazard,www.tagesspiegel.de,de,1,Katastrophe: Erdbeben erschüttert Afghanistan - Mehr als 20 Tote,Nach dem schweren Erdbeben in Nordafghanistan steigt die Opferzahl weiter. Zudem kam es zu zahlreichen Schäden. Was ist bekannt?,https://www.tagesspiegel.de/gesellschaft/panorama/katastrophe-erdbeben-erschuttert-afghanistan-mehr-als-20-tote-14732747.html,https://www.tagesspiegel.de/images/14732744/alternates/BASE_16_9_W1400/1762170004000/erdbeben-in-afghanistan.jpeg,http://web.archive.org/web/20251105005508/https://www.tagesspiegel.de/gesellschaft/panorama/katastrophe-erdbeben-erschuttert-afghanistan-mehr-als-20-tote-14732747.html,Bei einem schweren Erdbeben im Norden Afghanistans sind mindestens 27 Menschen ums Leben gekommen. Das meldete die staatliche Nachrichtenagentur Bachtar. Zudem seien 730 Menschen verletzt worden. Am … [+1766 chars],"Catastrophe: Earthquake shakes Afghanistan - More than 20 dead After the severe earthquake in northern Afghanistan, the number of victims continues to rise. There was also a lot of damage. What is known?",Katastrophe: Erdbeben erschüttert Afghanistan - Mehr als 20 Tote Nach dem schweren Erdbeben in Nordafghanistan steigt die Opferzahl weiter. Zudem kam es zu zahlreichen Schäden. Was ist bekannt?,
490ca9195bcc278595046b0c43587950,2025-11-03T12:59:00Z,Drought,Hazard,taz.de,de,1,Folgen der Dürre: Der Wasserschock in der Türkei,"Bursa und viele Regionen der Türkei leiden unter extremer Dürre, leeren Staudämmen und Wasserknappheit. Experten warnen vor langfristigem Mangel.",https://taz.de/Folgen-der-Duerre/!6126165/,https://taz.de/picture/8034300/1200/Tuerkei-Bursa-Wasserknappheit.jpeg,,"Bursa und viele Regionen der Türkei leiden unter extremer Dürre, leeren Staudämmen und Wasserknappheit. Experten warnen vor langfristigem Mangel. mehr...","Consequences of the drought: The water shock in Turkey Bursa and many regions of Türkiye are suffering from extreme drought, empty dams and water shortages. Experts warn of long-term shortages.","Folgen der Dürre: Der Wasserschock in der Türkei Bursa und viele Regionen der Türkei leiden unter extremer Dürre, leeren Staudämmen und Wasserknappheit. Experten warnen vor langfristigem Mangel.","Effectus siccitatis: Aquae concussae in Turcia Bursa et multae regiones Türkiye laborantes nimia siccitate, inanibus molibus et aquarum penuriae laborant. Periti longi temporis inopias monent."
b563a68d6c4af53a886ff2d60d0310d2,2025-11-03T13:36:36Z,Flood,Hazard,www.euractiv.com,en,1,"Spain regional leader resigns, a year after deadly floods","""I know I made mistakes. I acknowledge them and I will live with them all my life,"" the leader said",https://www.euractiv.com/news/spain-regional-leader-resigns-a-year-after-deadly-floods/,https://www.euractiv.com/content/uploads/sites/2/2025/11/GettyImages-2244748865-1.jpg,,"The heavily criticised leader of Spain’s Valencia region said on Monday he was stepping down, a year after the area was hit by floods that were the country’s deadliest natural disaster in a generatio… [+2482 chars]","Spain regional leader resigns, a year after deadly floods ""I know I made mistakes. I acknowledge them and I will live with them all my life,"" the leader said","Spaniens Regionalchef tritt ein Jahr nach tödlichen Überschwemmungen zurück „Ich weiß, dass ich Fehler gemacht habe. Ich erkenne sie an und werde mein ganzes Leben damit leben“, sagte der Führer",
8efbe143dfc0c08d5c23ea6c7ec41b13,2025-11-03T15:02:20Z,Tropical Cyclone,Hazard,www.tagesschau.de,de,1,Regenfälle und Überschwemmungen: Zahl der Toten in Vietnam steigt auf 37,Schwere Überschwemmungen und starker Regen: In Teilen Vietnams stehen seit einer Woche Häuser unter Wasser. 37 Menschen kamen bisher ums Leben. Jetzt nähert sich auch noch ein Tropensturm.,https://www.tagesschau.de/ausland/asien/vietnam-ueberschwemmungen-100.html,https://images.tagesschau.de/image/1430b25f-1723-4454-8e94-a5463d9032de/AAABmkoyBAw/AAABmgWmh8Q/16x9-big/flut-vietnam-100.jpg?width=1280,,"Stand: 03.11.2025 16:02 Uhr
Schwere Überschwemmungen und starker Regen: In Teilen Vietnams stehen seit einer Woche Häuser unter Wasser. 37 Menschen kamen bisher ums Leben. Jetzt nähert sich auch noc… [+1781 chars]",Rains and floods: Death toll in Vietnam rises to 37 Severe floods and heavy rain: Houses have been under water in parts of Vietnam for a week. 37 people have died so far. Now a tropical storm is approaching.,Regenfälle und Überschwemmungen: Zahl der Toten in Vietnam steigt auf 37 Schwere Überschwemmungen und starker Regen: In Teilen Vietnams stehen seit einer Woche Häuser unter Wasser. 37 Menschen kamen bisher ums Leben. Jetzt nähert sich auch noch ein Tropensturm.,
cfbe9f2bdb84057e23b9325c50c7f090,2025-11-03T18:36:54Z,Drought,Causes,www.jungewelt.de,de,1,Klimawandel: Der erste Dominostein,Das Absterben der Korallenriffe ist der Anfang einer gefährlichen Entwicklung. Über die sogenannten Klimakippunkte • Foto: -/AIMS/LTMP/dpa,https://www.jungewelt.de/artikel/511663.klimawandel-der-erste-dominostein.html,https://www.jungewelt.de/img/1100/215180.jpg,,"Es kommt einem Dammbruch gleich. In der ersten Oktoberhälfte sorgte der von mehr als 100 Wissenschaftlern erstellte »Global Tipping Points Report« 2025 nicht nur deswegen für Aufsehen, weil darin pro… [+5267 chars]",Climate change: The first domino The death of coral reefs is the beginning of a dangerous development. About the so-called climate tipping points • Photo: -/AIMS/LTMP/dpa,Klimawandel: Der erste Dominostein Das Absterben der Korallenriffe ist der Anfang einer gefährlichen Entwicklung. Über die sogenannten Klimakippunkte • Foto: -/AIMS/LTMP/dpa,Mutatio climatis: Primum Domino Mors scopulis corallium initium est periculosum progressionem. Circa quae dicta climatis puncta • Photo: -/AIMS/LTMP/dpa
313c36f99044947b52a8bd6ff200e190,2025-11-04T05:34:00Z,Tropical Cyclone,Hazard,www.zeit.de,de,1,"Tropensturm in Südostasien: Taifun ""Kalmaegi"" trifft Philippinen – mindestens drei Tote","Hier finden Sie Informationen zu dem Thema „Tropensturm in Südostasien“. Lesen Sie jetzt „Taifun ""Kalmaegi"" trifft Philippinen – mindestens drei Tote“.",https://www.zeit.de/news/2025-11/04/taifun-kalmaegi-trifft-philippinen-mindestens-drei-tote,https://img.zeit.de/news/2025-11/04/taifun-kalmaegi-trifft-philippinen-mindestens-drei-tote-image-group/wide__1300x731,,"Auf den Philippinen hat der Taifun «Kalmaegi» mindestens drei Menschen das Leben gekostet. Der Wirbelsturm brachte orkanartige Böen, heftige Regenfälle und meterhohe Flutwellen über Teile des Inselst… [+2352 chars]",Tropical storm in Southeast Asia: Typhoon “Kalmaegi” hits the Philippines – at least three dead Here you can find information on the topic “Tropical storm in Southeast Asia”. Now read “Typhoon “Kalmaegi” hits the Philippines – at least three dead”.,"Tropensturm in Südostasien: Taifun ""Kalmaegi"" trifft Philippinen – mindestens drei Tote Hier finden Sie Informationen zu dem Thema „Tropensturm in Südostasien“. Lesen Sie jetzt „Taifun ""Kalmaegi"" trifft Philippinen – mindestens drei Tote“.",
2017dc68831291febe830fcadd025d4a,2025-11-04T05:35:23Z,Tropical Cyclone,Hazard,www.tagesspiegel.de,de,1,Tropensturm in Südostasien: Taifun „Kalmaegi“ trifft Philippinen: mindestens sieben Tote,"Heftige Böen, meterhohe Flutwellen, zerstörte Häuser: Der Taifun „Kalmaegi“ setzt den Philippinen zu. Auch in Vietnam und Thailand herrscht große Sorge.",https://www.tagesspiegel.de/gesellschaft/panorama/tropensturm-in-sudostasien-taifun-kalmaegi-trifft-philippinen-mindestens-sieben-tote-14744282.html,https://www.tagesspiegel.de/images/14744507/alternates/BASE_16_9_W1400/1762241428000/taifun-kalmaegi-philippinen.jpeg,,"Auf den Philippinen hat der Taifun Kalmaegi mindestens sieben Menschen das Leben gekostet. Der Wirbelsturm brachte orkanartige Böen, heftige Regenfälle und meterhohe Flutwellen über Teile des Inselst… [+3226 chars]","Tropical storm in Southeast Asia: Typhoon “Kalmaegi” hits the Philippines: at least seven dead Violent gusts, meter-high tidal waves, destroyed houses: Typhoon “Kalmaegi” is hitting the Philippines. There is also great concern in Vietnam and Thailand.","Tropensturm in Südostasien: Taifun „Kalmaegi“ trifft Philippinen: mindestens sieben Tote Heftige Böen, meterhohe Flutwellen, zerstörte Häuser: Der Taifun „Kalmaegi“ setzt den Philippinen zu. Auch in Vietnam und Thailand herrscht große Sorge.",
425cf4a339f43e75abf0f409d823618f,2025-11-04T09:04:00Z,Tropical Cyclone,Causes,www.dw.com,en,1,Typhoon Kalmaegi: Winds and rain lash central Philippines,"Typhoon Kalmaegi slammed into the Philippines with heavy rains and strong winds, setting off flash floods and forcing residents to their rooftops.",https://www.dw.com/en/typhoon-kalmaegi-winds-and-rain-lash-central-philippines/a-74605322,https://static.dw.com/image/74605142_6.jpg,,"Typhoon Kalmaegi brought torrential rain and strong winds as it hurtled into central Philippines on Monday, killing at least two people, officials said.
The typhoon, locally known as Tino, made land… [+1650 chars]","Typhoon Kalmaegi: Winds and rain lash central Philippines Typhoon Kalmaegi slammed into the Philippines with heavy rains and strong winds, setting off flash floods and forcing residents to their rooftops.","Taifun Kalmaegi: Winde und Regen peitschen auf die zentralen Philippinen Der Taifun Kalmaegi raste mit heftigen Regenfällen und starken Winden über die Philippinen, löste Sturzfluten aus und zwang die Bewohner auf ihre Dächer.",
3384687e3d7d5f39ef27f846abfbc389,2025-11-04T09:27:57Z,Tropical Cyclone,Hazard,www.stern.de,de,1,"Tropensturm in Südostasien: Taifun ""Kalmaegi"" trifft Philippinen: mindestens sieben Tote","Heftige Böen, meterhohe Flutwellen, zerstörte Häuser: Der Taifun ""Kalmaegi"" setzt den Philippinen zu. Auch in Vietnam und Thailand herrscht große Sorge.",https://www.stern.de/panorama/tropensturm-in-suedostasien--taifun--kalmaegi--trifft-philippinen--mindestens-sieben-tote-36186198.html,https://image.stern.de/36186330/t/WN/v2/w1440/r1.7778/-/04--xyhhhfvj7tv3axs2048jpeg---ba30673bf6451fc4.jpg,,"Kopiere den aktuellen Link
Zur Merkliste hinzufügen

Heftige Böen, meterhohe Flutwellen, zerstörte Häuser: Der Taifun ""Kalmaegi"" setzt den Philippinen zu. Auch in Vietnam und Thailand herrscht große… [+2685 chars]","Tropical storm in Southeast Asia: Typhoon ""Kalmaegi"" hits the Philippines: at least seven dead Violent gusts, meter-high tidal waves, destroyed houses: Typhoon ""Kalmaegi"" is hitting the Philippines. There is also great concern in Vietnam and Thailand.","Tropensturm in Südostasien: Taifun ""Kalmaegi"" trifft Philippinen: mindestens sieben Tote Heftige Böen, meterhohe Flutwellen, zerstörte Häuser: Der Taifun ""Kalmaegi"" setzt den Philippinen zu. Auch in Vietnam und Thailand herrscht große Sorge.",
db500334520c0b9045a8615b0d25e11b,2025-11-04T12:15:25Z,Drought,Hazard,www.stern.de,de,1,Wassermangel,"Im griechischen Kallio, rund 240 Kilometer nordwestlich von Athen, tauchen aus dem Mornos-Stausee die Häuser eines gefluteten Dorfes wieder auf. Aufgrund von anhaltender Dürre ist der Wasserpegel auf den niedrigsten Wert seit 15 Jahren gesunken.",https://www.stern.de/news/wassermangel-36187632.html,https://image.stern.de/36187634/t/zX/v1/w1440/r1.7778/-/04--wassermangel---607299c334d06d41.jpg,http://web.archive.org/web/20251106103133/https://www.stern.de/news/wassermangel-36187632.html,"Zugang zu stern+statt 11,96 
 nur 1  

<ul><li>Alles von stern+ mit erstklassigen Inhalten von GEO und Capital</li><li>4 Wochen testen, dann 2,99  je Woche</li><li>jederzeit kündbar</li></ul>","Lack of water In Kallio, Greece, around 240 kilometers northwest of Athens, the houses of a flooded village are emerging from the Mornos reservoir. Due to ongoing drought, water levels have fallen to their lowest level in 15 years.","Wassermangel Im griechischen Kallio, rund 240 Kilometer nordwestlich von Athen, tauchen aus dem Mornos-Stausee die Häuser eines gefluteten Dorfes wieder auf. Aufgrund von anhaltender Dürre ist der Wasserpegel auf den niedrigsten Wert seit 15 Jahren gesunken.","In Kallio, Graecia, circiter CCXL chiliometrorum chorum Athenarum, domus inundationis pagi ex alveo Mornos oriuntur. Ob siccitatem permanentem, aquae gradus in ultimo gradu ceciderunt in 15 annis."
fcb5194ec582925323c5424bb531b60c,2025-11-04T13:31:52Z,Tropical Cyclone,Causes,www.rte.ie,en,1,Typhoon flooding kills 26 in central Philippines,At least 26 people have been killed and hundreds of thousands displaced as rains driven by Typhoon Kalmaegi flooded swathes of the central Philippines.,https://www.rte.ie/news/world/2025/1104/1542119-typhoon-kalmaegi-philippines/,https://www.rte.ie/images/00236ca3-1600.jpg,,"The death toll from Typhoon Kalmaegi that hit the central Philippines has risen to 39 on the island of Cebu, a local government official has said.
The deaths were as a result of drowning and people … [+3367 chars]",Typhoon flooding kills 26 in central Philippines At least 26 people have been killed and hundreds of thousands displaced as rains driven by Typhoon Kalmaegi flooded swathes of the central Philippines.,"Taifun-Überschwemmung tötet 26 Menschen in Zentral-Philippinen Mindestens 26 Menschen wurden getötet und Hunderttausende vertrieben, als Regenfälle durch Taifun Kalmaegi weite Teile der Zentral-Philippinen überschwemmten.",
26506e952d05118ac6e74242a0819588,2025-11-04T14:36:26Z,Flood,Causes,www.cbc.ca,en,1,"Risk of coastal flooding, big waves as storm heads for parts of N.L.",CBC meteorologist Ashley Brauweiler is warning of a storm surge between St. Mary’s Bay and Placentia Bay that could bring waves as high as 12 metres breaking along the shore.,https://www.cbc.ca/news/canada/newfoundland-labrador/nl-storm-surge-9.6965836,"https://i.cbc.ca/ais/faa2ce34-7944-46e4-a210-f3df11643b24,1762263544423/full/max/0/default.jpg?im=Crop%2Crect%3D%280%2C96%2C1024%2C576%29%3BResize%3D620",,"A fierce storm is headed toward Newfoundland and Labrador on Tuesday, bringing with it rain, strong winds and the risk of coastal flooding along the eastern Burin Peninsula to the southern Avalon Pen… [+1907 chars]","Risk of coastal flooding, big waves as storm heads for parts of N.L. CBC meteorologist Ashley Brauweiler is warning of a storm surge between St. Mary’s Bay and Placentia Bay that could bring waves as high as 12 metres breaking along the shore.","Gefahr von Überschwemmungen an der Küste, große Wellen als Sturm auf Teile von N.L. Die CBC-Meteorologin Ashley Brauweiler warnt vor einer Sturmflut zwischen St. Mary’s Bay und Placentia Bay, die bis zu 12 Meter hohe Wellen an der Küste verursachen könnte.",
a0ce81a07d1324764e7a16f16f5cb5cd,2025-11-04T18:58:00Z,Tropical Cyclone,Causes,www.dw.com,en,1,Typhoon Kalmaegi kills scores in central Philippines,"Typhoon Kalmaegi slammed into the Philippines with heavy rains and strong winds, setting off flash floods and forcing residents to their rooftops. Dozens died, including the crew of a military helicopter.",https://www.dw.com/en/typhoon-kalmaegi-kills-scores-in-central-philippines/a-74605322,https://static.dw.com/image/74606864_6.jpg,,"Typhoon Kalmaegi brought torrential rain and strong winds as it hurtled into central Philippines on Tuesday killing more than 40 people, officials said.
The number includes the six crew members of a… [+2172 chars]","Typhoon Kalmaegi kills scores in central Philippines Typhoon Kalmaegi slammed into the Philippines with heavy rains and strong winds, setting off flash floods and forcing residents to their rooftops. Dozens died, including the crew of a military helicopter.","Taifun Kalmaegi tötet Dutzende Menschen im Zentrum der Philippinen Der Taifun Kalmaegi raste mit heftigen Regenfällen und starken Winden über die Philippinen, löste Sturzfluten aus und zwang die Bewohner auf ihre Dächer. Dutzende starben, darunter auch die Besatzung eines Militärhubschraubers.",
e4617d6f41e9b498337cedc42c85ec41,2025-11-04T19:05:07Z,Drought,Hazard,www.faz.net,de,1,"F.A.Z.-Leser helfen: Der Schulleiter, die Diebe und der ewige Durst","Abholzung und Dürre zehren den Süden Sambias aus. Damit Jugendliche dort eine Perspektive haben, lässt die hessische Stiftung Kinderzukunft Brunnen bohren. F.A.Z.-Leser können sie dabei unterstützen.",https://www.faz.net/aktuell/rhein-main/frankfurt/f-a-z-leser-helfen-spendensammlung-fuer-schulen-in-sambia-110761303.html,https://media1.faz.net/ppmedia/w1200/aktuell/3072608554/1.10761817/facebook_teaser/aufmerksam-verfolgen-die.jpg.webp,http://web.archive.org/web/20251106103933/https://www.faz.net/aktuell/rhein-main/frankfurt/f-a-z-leser-helfen-spendensammlung-fuer-schulen-in-sambia-110761303.html,"Edwin Hamweemba ist ein beeindruckender Mann. Der Direktor der Nabaanda Primary School ist groß und breitschultrig, ein Typ, der etwas aushalten kann. Und muss. Als er hörte, dass eine seiner Schüler… [+8180 chars]","F.A.Z. readers help: The headmaster, the thieves and the eternal thirst. Deforestation and drought are consuming the south of Zambia. So that young people have a perspective there, the Hessian Children's Future Foundation is having wells drilled. F.A.Z. readers can support you in this.","F.A.Z.-Leser helfen: Der Schulleiter, die Diebe und der ewige Durst Abholzung und Dürre zehren den Süden Sambias aus. Damit Jugendliche dort eine Perspektive haben, lässt die hessische Stiftung Kinderzukunft Brunnen bohren. F.A.Z.-Leser können sie dabei unterstützen.","F.A.Z. lectores iuvant: Praesul, fures, sitis aeterna. Defestatio et siccitas meridiem Zambia consumunt. Ut iuvenes ibi prospectum habeant, Fundamentum Future Hessiani Puerorum bene proterebratum est. F.A.Z. lectores in hoc alere possunt."
e53d0aaf0b3b38c5923d4d2a8a7916ff,2025-11-04T19:54:53Z,Tropical Cyclone,Causes,www.abc.net.au,en,1,Typhoon Kalamaegi leaves dozens dead in flooding rain in Philippines,"More than 40 people are dead and hundreds of thousands displaced after rains from Typhoon Kalmaegi flooded the central Philippines, sweeping away trucks and shipping containers.",https://www.abc.net.au/news/2025-11-05/typhoon-kalamaegi-leaves-dozens-dead-in-floods-and-winds/105972498,https://live-production.wcms.abc-cdn.net.au/bc2b75df788db35b59ba50449e4207aa?impolicy=wcms_watermark_news&cropH=900&cropW=1600&xPos=0&yPos=0&width=862&height=485&imformat=generic,,"More than 40 people have died and hundreds of thousands are displaced after rains driven by Typhoon Kalmaegi flooded swathes of the central Philippines.
Entire towns on the island of Cebu were inund… [+4896 chars]","Typhoon Kalamaegi leaves dozens dead in flooding rain in Philippines More than 40 people are dead and hundreds of thousands displaced after rains from Typhoon Kalmaegi flooded the central Philippines, sweeping away trucks and shipping containers.","Taifun Kalamaegi fordert bei überschwemmtem Regen auf den Philippinen Dutzende Tote. Mehr als 40 Menschen sind ums Leben gekommen und Hunderttausende wurden vertrieben, nachdem Regenfälle des Taifuns Kalmaegi die Zentralphilippinen überschwemmt und Lastwagen und Schiffscontainer hinweggefegt haben.",
01bee518c7093db69d611e60d208d63d,2025-11-04T20:03:26Z,Tropical Cyclone,Hazard,futurism.com,en,1,Experts Alarmed as AI Image of Hurricane Melissa Featuring Birds “Larger Than Football Fields” Goes Viral,"""This will be in meteorology textbooks.""",https://futurism.com/future-society/hurricane-melissa-ai-birds,https://s.yimg.com/ny/api/res/1.2/neiSj0f7GU4mZqbGGVBdSQ--/YXBwaWQ9aGlnaGxhbmRlcjt3PTEyMDA7aD04MDA7Y2Y9d2VicA--/https://media.zenfs.com/en/futurism_981/48b0e754fe6dedd01b1537f4f001321b,http://web.archive.org/web/20251105121956/https://futurism.com/future-society/hurricane-melissa-ai-birds,"The Caribbean just suffered one of the largest Hurricanes in recorded history. The scale of Melissa which bombarded Jamaica, Cuba, and the Dominican Republic with sustained winds of 185 mph is unprec… [+2826 chars]","Experts Alarmed as AI Image of Hurricane Melissa Featuring Birds “Larger Than Football Fields” Goes Viral ""This will be in meteorology textbooks.""","Experten alarmiert, als KI-Bild des Hurrikans Melissa mit Vögeln, die „größer als Fußballfelder“ sind, viral geht „Das wird in Meteorologie-Lehrbüchern stehen.“",
e31a580deea2946b772d3acff26a5399,2025-11-05T00:41:39Z,Volcano,Hazard,dailycaller.com,en,1,UFO Caught On Video Hovering Over Active Volcano Before Disappearing In Mexico,Alien fanatics are in a state of euphoria after video seemingly shows a unidentified flying object (UFO) hovering over an active volcano in Mexico.,https://dailycaller.com/2025/11/04/ufo-active-volcano-mexico-caught-on-video-disappearing/,"https://images.dailycaller.com/image/width=1280,height=549,fit=cover,format=webp,f=auto/https://cdn01.dailycaller.com/wp-content/uploads/2025/11/GettyImages-632115220-scaled-e1762302760872.jpg",,"Alien fanatics are in a state of euphoria after video seemingly shows an unidentified flying object (UFO) hovering over an active volcano in Mexico.
In the footage, a glowing object flies over the v… [+1798 chars]",UFO Caught On Video Hovering Over Active Volcano Before Disappearing In Mexico Alien fanatics are in a state of euphoria after video seemingly shows a unidentified flying object (UFO) hovering over an active volcano in Mexico.,"UFO auf Video festgehalten, das über einem aktiven Vulkan schwebt, bevor es in Mexiko verschwindet Außerirdische Fanatiker sind in einem Zustand der Euphorie, nachdem ein Video scheinbar ein nicht identifiziertes Flugobjekt (UFO) zeigt, das über einem aktiven Vulkan in Mexiko schwebt.",
7e02226b17d8411918ff23c507770465,2025-11-05T02:07:20Z,Flood,Hazard,www.digitaljournal.com,en,1,Typhoon death toll climbs to 66 in the Philippines,The death toll from Typhoon Kalmaegi in the Philippines climbed to 66 on Wednesday as residents of hardest-hit Cebu province began picking through homes and businesses devastated by the worst flooding in recent memory. Floodwaters described as unprecedented h…,https://www.digitaljournal.com/world/typhoon-death-toll-climbs-to-66-in-the-philippines/article,https://www.digitaljournal.com/wp-content/uploads/2025/11/eac90e658ca68f3b541c6d7bdc0b047aa9a387fc.jpg,,"Rescuers carry a resident past cars washed away by floods at the height of Typhoon Kalmaegi in the Philippines' Cebu City - Copyright AFP Alan TANGCAWAN
The death toll from Typhoon Kalmaegi in the P… [+3444 chars]",Typhoon death toll climbs to 66 in the Philippines The death toll from Typhoon Kalmaegi in the Philippines climbed to 66 on Wednesday as residents of hardest-hit Cebu province began picking through homes and businesses devastated by the worst flooding in recent memory. Floodwaters described as unprecedented h…,"Zahl der Todesopfer durch den Taifun auf den Philippinen steigt auf 66. Die Zahl der Todesopfer durch den Taifun Kalmaegi auf den Philippinen stieg am Mittwoch auf 66, als Bewohner der am stärksten betroffenen Provinz Cebu damit begannen, Häuser und Geschäfte zu durchsuchen, die von der schlimmsten Überschwemmung der letzten Zeit verwüstet worden waren. Überschwemmungen werden als beispielloses Ausmaß beschrieben …",
ad85b9920833869082a8940934ad0a94,2025-11-05T08:51:14Z,Drought,Causes,www.focus.de,de,1,"Wissenschaftler sagen voraus, dass die Sahara aufgrund der globalen Erwärmung grüner und feuchter werden wird",Eine neue Studie kommt zu einem überraschenden Ergebnis: Durch den Klimawandel könnte die Sahara bis zum Ende des Jahrhunderts deutlich grüner werden – weil in der Wüste künftig viel mehr Regen fällt.,https://www.focus.de/wissen/wissenschaftler-sagen-voraus-dass-die-sahara-aufgrund-der-globalen-erwaermung-gruener-und-feuchter-werden-wird_b6fd756f-aec2-4262-a903-8a9a86c8be57.html,https://quadro.burda-forward.de/ctf/6d59dc01-ade4-424f-9ffe-824b07176013.d5d7f237-3f87-4ff3-84e4-8ccd7a45c7c6.jpg?im=RegionOfInterestCrop%3D%281200%2C630%29%2CregionOfInterest%3D%281030%2C816%29&hash=ba4bc21c17b52112994a13c4206d37f319f03213de541137778aa0f57403dca2,http://web.archive.org/web/20251106102553/https://www.focus.de/wissen/wissenschaftler-sagen-voraus-dass-die-sahara-aufgrund-der-globalen-erwaermung-gruener-und-feuchter-werden-wird_b6fd756f-aec2-4262-a903-8a9a86c8be57.html,Seit Jahrzehnten gilt die Sahara als extrem trockene Zone. Durchschnittlich fallen dort nur rund acht Zentimeter Regen pro Jahr. Doch laut einer neuen Analyse der University of Illinois Chicago könnt… [+2483 chars],Scientists predict that the Sahara will become greener and wetter due to global warming A new study comes to a surprising conclusion: Climate change could cause the Sahara to become significantly greener by the end of the century - because the desert will receive much more rain in the future.,"Wissenschaftler sagen voraus, dass die Sahara aufgrund der globalen Erwärmung grüner und feuchter werden wird Eine neue Studie kommt zu einem überraschenden Ergebnis: Durch den Klimawandel könnte die Sahara bis zum Ende des Jahrhunderts deutlich grüner werden – weil in der Wüste künftig viel mehr Regen fällt.",Scientistae dicunt Sahara viridius et aquosus futurum esse propter calefactionem globalem. Novum studium in admirationem venit: Clima mutatio Saharae potest efficere ut ex fine saeculi significanter viridius fiat - quia desertum multo plus pluviae in futuro recipiet.
